Era,Score_Corr,Rep_Corr,N
"Non-Blind (S1-S27, S31+)",0.22898818533900334,0.3101418604937485,2465
Blind (S28-S30),0.013232115133144113,0.13759203129082068,312
