n_bootstrap,k_clusters,ari_mean,ari_std,ci_95_lower,ci_95_upper,stability
100,3,0.00410066806869469,0.07193707704147091,-0.07816437564542769,0.17154141674166198,Low
