w_start,w_end,beta,upset_rate,kendall_tau,upset_diff,fairness,entertainment,is_pareto,is_optimal
0.9000000000000004,0.5999999999999999,0.4,0.2477611940298507,0.6961876038081489,0.0477611940298507,0.6961876038081489,0.7522388059701492,True,True
