w_start,w_end,beta,upset_rate,kendall_tau,upset_diff
0.9000000000000004,0.5999999999999999,0.4,0.14925373134328357,0.7942031406951119,0.0007462686567164256
