w_start,w_end,beta,upset_rate,kendall_tau,upset_diff
0.9000000000000004,0.5999999999999999,0.4,0.24776119402985075,0.6961876038081489,0.04776119402985074
